,Name,Born,Died,Hometown,Biography,Image,Genre,Website,Influences,Rating,Rating_count,Review_count,Works,Typical_series,Member Since,Twitter
0,Victor Hugo,"February 26, 1802","May 22, 1885","in Besançon, Doubs, France","After Napoleon III seized power in 1851, French writer Victor Marie Hugo went into exile and in 1870 returned to France; his novels include 
The Hunchback of Notre Dame
 (1831) and 
Les Misérables
 (1862). 

This poet, playwright, novelist, dramatist, essayist, visual artist, statesman, and perhaps the most influential, important exponent of the Romantic movement in France, campaigned for human rights. People in France regard him as one of greatest poets of that country and know him better abroad.",https://images.gr-assets.com/authors/1415946858p5/13661.jpg,"Literature & Fiction, Poetry, Philosophy",,"William Shakespeare, Chateaubriand, Walter Scott, Lamartine, Dante",4.15,"1,093,968","37,496","6,584","['Les Misérables', 'Los Miserables', 'Notre Dame de Paris', 'البؤساء']",,
1,Shel Silverstein,"September 25, 1930","May 10, 1999","in Chicago, IL, The United States","Shel Silverstein was the author-artist of many beloved books of prose and poetry. He was a cartoonist, playwright, poet, performer, recording artist, and Grammy-winning, Oscar-nominated songwriter.

Shel Silverstein will perhaps always be best loved for his extraordinary books. Shel’s books are now published in more than 47 different languages. The last book that was published before his death in 1999 was Falling Up",https://images.gr-assets.com/authors/1690710827p5/435477.jpg,"Poetry, Children's Books",http://www.shelsilverstein.com/indexSite.html,,4.35,"3,121,533","44,393",141,"['The Missing Piece', 'Runny Babbit']",,
2,Douglas Adams,"March 11, 1952","May 11, 2001","in Cambridge, England, The United Kingdom","Douglas Noël Adams was an English author, comic radio dramatist, and musician. He is best known as the author of the 
Hitchhiker's Guide to the Galaxy
 series. Hitchhiker's began on radio, and developed into a ""trilogy"" of five books (which sold more than fifteen million copies during his lifetime) as well as a television series, a comic book series, a computer game, and a feature film that was completed after Adams' death. The series has also been adapted for live theatre using various scripts; the earliest such productions used material newly written by Adams. He was known to some fans as Bop Ad (after his illegible signature), or by his initials ""DNA"".

In addition to The Hitchhiker's Guide to the Galaxy, Douglas Adams wrote or co-wrote",https://images.gr-assets.com/authors/1616277702p5/4.jpg,"Science Fiction, Mystery, Humor",http://www.douglasadams.com/,"Monty Python, Kurt Vonnegut, P. G. Wodehouse, Charles Dickens, Jane Austen",4.2,"3,311,148","82,136",170,"[""The Hitchhiker's Guide to the Galaxy"", 'Dirk Gently', 'The Meaning of Liff', ""Hitchhiker's Guide BBC Radio Series""]",,
3,J.D. Salinger,"January 01, 1919","January 27, 2010","in Manhattan, New York, The United States","Works, most notably novel 
The Catcher in the Rye
 (1951), of American writer Jerome David Salinger often concern troubled, sensitive adolescents. 

People well know this author for his reclusive nature. He published his last original work in 1965 and gave his last interview in 1980. Reared in city of New York, Salinger began short stories in secondary school and published several stories in the early 1940s before serving in World War II. In 1948, he published the critically acclaimed story ""A Perfect Day for Bananafish"" in The New Yorker, his subsequent home magazine. He released an immediate popular success. His depiction of adolescent alienation and loss of innocence in the protagonist Holden Caulfield especially influenced adolescent re",https://images.gr-assets.com/authors/1288777679p5/819789.jpg,"Literature & Fiction, Short Stories",,"Sherwood Anderson, Anton Chekhov, F. Scott Fitzgerald, Gustave Flaubert",3.83,"3,851,401","100,709",146,['Babe Gladwaller'],,
4,Cassandra Clare,,,"Tehran, Iran","Cassandra Clare was born to American parents in Tehran, Iran and spent much of her childhood travelling the world with her family, including one trek through the Himalayas as a toddler where she spent a month living in her father’s backpack. She lived in France, England and Switzerland before she was ten years old.

Since her family moved around so much she found familiarity in books and went everywhere with a book under her arm. She spent her high school years in Los Angeles where she used to write stories to amuse her classmates, including an epic novel called “The Beautiful Cassandra” based on a Jane Austen short story of the same name (and which later inspired her current pen name).

After college, Cassie lived in Los Angeles and New York w",https://images.gr-assets.com/authors/1689347318p5/150038.jpg,Science Fiction & Fantasy,http://www.cassandraclare.com/,,4.22,"8,855,082","517,724",187,"['The Mortal Instruments', 'The Infernal Devices', 'The Dark Artifices', 'The Bane Chronicles', 'Tales from the Shadowhunter Academy']",December 2008,
5,Ray Bradbury,"August 22, 1920","June 05, 2012","in Waukegan, Illinois, The United States","Ray Douglas Bradbury, American novelist, short story writer, essayist, playwright, screenwriter and poet, was born August 22, 1920 in Waukegan, Illinois. He graduated from a Los Angeles high school in 1938. Although his formal education ended there, he became a ""student of life,"" selling newspapers on L.A. street corners from 1938 to 1942, spending his nights in the public library and his days at the typewriter. He became a full-time writer in 1943, and contributed numerous short stories to periodicals before publishing a collection of them, Dark Carnival, in 1947. 

His reputation as a writer of courage and vision was established with the publication of The Martian Chronicles in 1950, which describes the first attempts of Earth people to con",https://images.gr-assets.com/authors/1445955959p5/1630.jpg,"Literature & Fiction, Science Fiction & Fantasy, Horror",http://www.raybradbury.com/,"Edgar Rice Burroughs, John Steinbeck, Jules Verne, Stanley G. Weinbaum",3.99,"3,176,439","131,297","2,245","['Green Town', 'Crumley Mysteries', 'Bradbury Stories: 100 of His Most Celebrated Tales', 'The Ray Bradbury Chronicles', '200 оповідань Рея Бредбері']",,
6,Stephen Chbosky,"January 25, 1970",,"in Pittsburgh, The United States","Stephen Chbosky grew up in Pittsburgh, Pennsylvania, and graduated from the University of Southern California's Filmic Writing Program. His first film, The Four Corners of Nowhere, premiered at the 1995 Sundance Film Festival and went on to win Best Narrative Feature honors at the Chicago Underground Film Festival. 

He is the recipient of the Abraham Polonsky Screenwriting Award for his screenplay Everything Divided as well as a participant in the Sundance Institute's filmmakers' lab for his current project, Fingernails and Smooth Skin. Chbosky lives in New York. 

For more information, please see http://en.wikipedia.org/wiki/Stephen_...",https://images.gr-assets.com/authors/1599132962p5/12898.jpg,"Fiction, Young Adult, Horror",,,4.21,"1,775,584","96,839",16,"['Imaginary Friend', 'Imaginary Friend']",,
7,E.B. White,"July 11, 1899","October 01, 1985","in Mount Vernon, NY, The United States","Elwyn Brooks White was a leading American essayist, author, humorist, poet and literary stylist and author of such beloved children's classics as Charlotte's Web, Stuart Little, and The Trumpet of the Swan. He graduated from Cornell University in 1921 and, five or six years later, joined the staff of The New Yorker magazine. He authored over seventeen books of prose and poetry and was elected to the American Academy of Arts and Letters in 1973. 

White always said that he found writing difficult and bad for one's disposition. 

Mr. White has won countless awards, including the 1971 National Medal for Literature and the Laura Ingalls Wilder Medal, which commended him for making “a substantial and lasting contribution to literature for children.”",https://images.gr-assets.com/authors/1198519412p5/988142.jpg,"Children's Books, Literature & Fiction, Nonfiction",,,4.18,"2,088,872","36,343",108,[],,
8,Kathryn Stockett,,,"Jackson, Mississippi, The United States","Kathryn Stockett was born and raised in Jackson, Mississippi. After graduating from the University of Alabama with a degree in English and creative writing, she moved to New York City, where she worked in magazine publishing for nine years. She currently lives in Atlanta with her husband and daughter. She is working on her second novel.",https://images.gr-assets.com/authors/1233458107p5/1943477.jpg,Historical Fiction,http://www.kathrynstockett.com,,4.47,"2,666,191","89,477",9,[],September 2008,
9,F. Scott Fitzgerald,"September 24, 1896","December 21, 1940","in St. Paul, Minnesota, The United States","Francis Scott Key Fitzgerald was an American writer of novels and short stories, whose works have been seen as evocative of the Jazz Age, a term he himself allegedly coined. He is regarded as one of the greatest twentieth century writers. Fitzgerald was of the self-styled ""Lost Generation,"" Americans born in the 1890s who came of age during World War I. He finished four novels, left a fifth unfinished, and wrote dozens of short stories that treat themes of youth, despair, and age. He was married to Zelda Fitzgerald.",https://images.gr-assets.com/authors/1517864008p5/3190.jpg,"Fiction, Short Stories",,"John Keats, Sherwood Anderson, Edith Wharton, Theodore Dreiser",3.91,"5,464,678","130,942","2,228",['Специално издание Biograph'],,
10,Fyodor Dostoevsky,"November 11, 1821","February 09, 1881","in Moscow, Russian Empire","Fyodor Mikhailovich Dostoevsky was a Russian novelist, short story writer, essayist, and journalist. His literary works explore human psychology in the troubled political, social, and spiritual atmospheres of 19th-century Russia, and engage with a variety of philosophical and religious themes. His most acclaimed novels include Crime and Punishment (1866), The Idiot (1869), Demons (1872), and The Brothers Karamazov (1880).
 
Many literary critics rate him as one of the greatest novelists in all of world literature, as multiple of his works are considered highly influential masterpieces. His 1864 novella Notes from Underground is considered to be one of the first works of existentialist literature. As such, he is also looked upon as a philosoph",https://images.gr-assets.com/authors/1629693671p5/3137322.jpg,"Fiction, Psychology, Philosophy",http://www.fedordostoevsky.ru/,Nikolai Gogol Charles Dickens,4.19,"2,145,709","120,475","3,407","['The Brothers Karamazov', 'The Idiot, in 3 Vol', 'The Brothers Karamazov', ""Writer's Diary""]",,
11,Charlotte Brontë,"April 21, 1816","March 31, 1855","in Thornton, Yorkshire, England","Charlotte Brontë was an English novelist, the eldest out of the three famous Brontë sisters whose novels have become standards of English literature. See also Emily Brontë and Anne Brontë.

Charlotte Brontë was born in Thornton, Yorkshire, England, the third of six children, to Patrick Brontë (formerly ""Patrick Brunty""), an Irish Anglican clergyman, and his wife, Maria Branwell. In April 1820 the family moved a few miles to Haworth, a remote town on the Yorkshire moors, where Patrick had been appointed Perpetual Curate. This is where the Brontë children would spend most of their lives. Maria Branwell Brontë died from what was thought to be cancer on 15 September 1821, leaving five daughters and a son to the care of her spinster sister Elizabe",https://images.gr-assets.com/authors/1335001351p5/1036615.jpg,Literature & Fiction,,"Anne Brontë, Emily Brontë",4.03,"3,726,743","107,218","2,133","['La saga de Verdópolis', 'El reino de Angria', 'Shirley (3 volumes)']",,
12,Lewis Carroll,"January 27, 1832","January 14, 1898","in Daresbury, Cheshire, England","The Reverend Charles Lutwidge Dodgson, better known by the pen name Lewis Carroll, was an English author, mathematician, logician, Anglican clergyman and photographer.

His most famous writings are Alice's Adventures in Wonderland and its sequel Through the Looking-Glass as well as the poems ""The Hunting of the Snark"" and ""Jabberwocky"", all considered to be within the genre of literary nonsense.

Oxford scholar, Church of England Deacon, University Lecturer in Mathematics and Logic, academic author of learned theses, gifted pioneer of portrait photography, colourful writer of imaginative genius and yet a shy and pedantic man, Lewis Carroll stands pre-eminent in the pantheon of inventive literary geniuses.

He also has works published under his re",https://images.gr-assets.com/authors/1571554989p5/8164.jpg,"Children's, Poetry, Fiction",,"Edward Lear, Gottfried Wilhelm Leibniz, George MacDonald, Jonathan Swift, Catherine Sinclair",4.05,"1,586,796","46,701","4,671","[""Alice's Adventures in Wonderland"", 'Sylvie and Bruno']",,
13,S.E. Hinton,,,"in Tulsa, Oklahoma, The United States","S.E. Hinton, was and still is, one of the most popular and best known writers of young adult fiction. Her books have been taught in some schools, and banned from others. Her novels changed the way people look at young adult literature. 

Susan Eloise Hinton was born in Tulsa, Oklahoma. She has always enjoyed reading but wasn't satisfied with the literature that was being written for young adults, which influenced her to write novels like The Outsiders. That book, her first novel, was published in 1967 by Viking.",https://images.gr-assets.com/authors/1206505616p5/762707.jpg,"Literature & Fiction, Young Adult",http://www.sehinton.com,,4.1,"1,357,494","50,491",48,[],May 2013,
14,John Green,,,"in Indianapolis, The United States","Librarian Note: There is more than one author in the Goodreads database with this name.

John Green's first novel, Looking for Alaska, won the 2006 Michael L. Printz Award presented by the American Library Association. His second novel, An Abundance of Katherines, was a 2007 Michael L. Printz Award Honor Book and a finalist for the Los Angeles Times Book Prize. His next novel, Paper Towns, is a New York Times bestseller and won the Edgar Allen Poe Award for Best YA Mystery. In January 2012, his most recent novel, The Fault in Our Stars, was met with wide critical acclaim, unprecedented in Green's career. The praise included rave reviews in Time Magazine and The New York Times, on NPR, and from award-winning author Markus Zusak. The book also",https://images.gr-assets.com/authors/1353452301p5/1406384.jpg,"Literature & Fiction, Young Adult, Young Adult Romance",http://www.johngreenbooks.com/,"J.D. Salinger, Herman Melville, F. Scott Fitzgerald, David Foster Wallace, Walt Whitman",3.99,"9,511,297","436,418",331,['Zombicorns'],January 2013,realjohngreen
15,Aldous Huxley,"July 26, 1894","November 22, 1963","in Godalming, Surrey, England, The United Kingdom","Brave New World
 (1932), best-known work of British writer Aldous Leonard Huxley, paints a grim picture of a scientifically organized utopia. 

This most prominent member of the famous Huxley family of England spent the part of his life from 1937 in Los Angeles in the United States until his death. Best known for his novels and wide-ranging output of essays, he also published short stories, poetry, travel writing, and film stories and scripts. Through novels and essays, Huxley functioned as an examiner and sometimes critic of social mores, norms and ideals. Spiritual subjects, such as parapsychology and philosophical mysticism, interested Huxley, a humanist, towards the end of his life. People widely acknowledged him as one of the pre-emin",https://images.gr-assets.com/authors/1547138835p5/3487.jpg,"Literature & Fiction, Poetry, Nonfiction",,"H.G. Wells,  William Blake, Dickens, Krishnamurti, Julian Huxley, Thomas Arnold, Mary Augusta Ward, James Watt, Henry Ford, Albert Hofmann",3.99,"2,139,334","58,661",955,"['سلسلة الفكر الحديث', 'Aldous Huxley Complete Essays']",,
16,Gabriel García Márquez,"March 06, 1927","April 17, 2014","in Aracataca, Magdalena, Colombia","Gabriel José de la Concordia Garcí­a Márquez was a Colombian novelist, short-story writer, screenwriter and journalist. Garcí­a Márquez, familiarly known as ""Gabo"" in his native country, was considered one of the most significant authors of the 20th century. In 1982, he was awarded the Nobel Prize in Literature.

He studied at the University of Bogotá and later worked as a reporter for the Colombian newspaper El Espectador and as a foreign correspondent in Rome, Paris, Barcelona, Caracas, and New York. He wrote many acclaimed non-fiction works and short stories, but is best-known for his novels, such as One Hundred Years of Solitude (1967) and Love in the Time of Cholera (1985). His works have achieved significant critical acclaim and widespr",https://images.gr-assets.com/authors/1588856705p5/13450.jpg,"Literature & Fiction, Short Stories, Magical Realism",,"William Faulkner, Franz Kafka, Juan Rulfo, Fyodor Dostoyevsky, Ernest Hemingway, Julio Cortázar, G.K. Chesterton, Virginia Woolf, Sophocles, James Joyce, Günter Grass, Yasunari Kawabata",3.99,"2,073,223","110,591",832,['Serie Taller de cine de García Márquez'],,
17,Dan Brown,,,"in Exeter, New Hampshire, The United States","Dan Brown is the author of numerous #1 bestselling novels, including The Da Vinci Code, which has become one of the best selling novels of all time as well as the subject of intellectual debate among readers and scholars. Brown’s novels are published in 52 languages around the world with 200 million copies in print.

In 2005, Brown was named one of the 100 Most Influential People in the World by TIME Magazine, whose editors credited him with “keeping the publishing industry afloat; renewed interest in Leonardo da Vinci and early Christian history; spiking tourism to Paris and Rome; a growing membership in secret societies; the ire of Cardinals in Rome; eight books denying the claims of the novel and seven guides to read along with it; a flood",https://images.gr-assets.com/authors/1399396714p5/630.jpg,"Mystery & Thrillers, Fiction, Suspense",http://www.danbrown.com,,3.88,"8,272,917","207,079",434,['Robert Langdon'],April 2014,AuthorDanBrown
18,Margaret Mitchell,"November 08, 1900","August 16, 1949","in Atlanta, Georgia, The United States","Librarian Note: There is more than one author in the Goodreads database with this name. 

Margaret Munnerlyn Mitchell, popularly known as Margaret Mitchell, was an American author, who won the Pulitzer Prize in 1937 for her novel, Gone with the Wind, published in 1936. The novel is one of the most popular books of all time, selling more than 28 million copies. An American film adaptation, released in 1939, became the highest-grossing film in the history of Hollywood, and received a record-breaking number of Academy Awards.
-Wikipedia",https://images.gr-assets.com/authors/1185481392p5/11081.jpg,"Romance, History, Fiction",,,4.31,"1,221,865","24,870",203,"['Gone with the Wind Split-Volume (2) Editions', 'Gone with the Wind Split-Volume (3) Editions', 'Gone with the Wind Split-Volume (4) Editions', 'Gone with the Wind Split-Volume (5) Editions']",,
19,J.K. Rowling,"July 31, 1965",,"in Yate, South Gloucestershire, England, The United Kingdom","See also: Robert Galbraith
Although she writes under the pen name J.K. Rowling, pronounced like rolling, her name when her first Harry Potter book was published was simply Joanne Rowling. Anticipating that the target audience of young boys might not want to read a book written by a woman, her publishers demanded that she use two initials, rather than her full name. As she had no middle name, she chose K as the second initial of her pen name, from her paternal grandmother Kathleen Ada Bulgen Rowling. She calls herself Jo and has said, ""No one ever called me 'Joanne' when I was young, unless they were angry."" Following her marriage, she has sometimes used the name Joanne Murray when conducting personal business. During the Leveson Inquiry she",https://images.gr-assets.com/authors/1596216614p5/1077326.jpg,"Fiction, Young Adult, Fantasy",http://www.jkrowling.com,"Jane Austen, Geoffrey Chaucer, Oscar Wilde, C.S. Lewis",4.46,"34,545,118","771,506",608,"['Harry Potter', 'Hogwarts Library', 'Fantastic Beasts: The Original Screenplay', 'Pottermore Presents', 'Harry Potter Persian/Farsi Split-Volume Edition']",,jk_rowling
20,Oscar Wilde,"October 16, 1854","November 30, 1900","in Dublin, Ireland","Oscar Fingal O'Flahertie Wills Wilde was an Irish playwright, poet, and author of numerous short stories, and one novel. Known for his biting wit, and a plentitude of aphorisms, he became one of the most successful playwrights of the late Victorian era in London, and one of the greatest celebrities of his day. Several of his plays continue to be widely performed, especially The Importance of Being Earnest. 

As the result of a widely covered series of trials, Wilde suffered a dramatic downfall and was imprisoned for two years hard labour after being convicted of ""gross indecency"" with other men. After Wilde was released from prison he set sail for Dieppe by the night ferry. He never returned to Ireland or Britain, and died in poverty.",https://images.gr-assets.com/authors/1673611182p5/3565.jpg,"Theatre, Poetry, Humor and Comedy, Fiction, Children's",http://www.cmgww.com/historic/wilde/,"Balzac, Walter Pater, Edgar Allan Poe, John Ruskin, Peter Kropotkin, Lewis Carroll, Robert Louis Stevenson",4.11,"2,366,822","110,533","5,509",['Macmillan 1962 Series of Classic Fairy Stories'],,
21,William Goldman,"August 12, 1931","November 16, 2018","in Highland Park, Illinois, The United States","Goldman grew up in a Jewish family in Highland Park, Illinois, a Chicago suburb, and obtained a BA degree at Oberlin College in 1952 and an MA degree at Columbia University in 1956.His brother was the late James Goldman, author and playwright.

William Goldman had published five novels and had three plays produced on Broadway before he began to write screenplays. Several of his novels he later used as the foundation for his screenplays.

 In the 1980s he wrote a series of memoirs looking at his professional life on Broadway and in Hollywood (in one of these he famously remarked that ""Nobody knows anything""). He then returned to writing novels. He then adapted his novel The Princess Bride to the screen, which marked his re-entry into screenwriti",https://images.gr-assets.com/authors/1198704782p5/12521.jpg,"Literature & Fiction, Biographies & Memoirs, Screenplays & Plays",http://www.openroadmedia.com/william-goldman,"Irwin Shaw, Ingmar Bergman, Ross Macdonald, Ira Levin, Stephen King",4.25,"926,843","27,413",105,['Babe Levy'],,
22,Audrey Niffenegger,,,in The United States,"Audrey Niffenegger (born June 13, 1963 in South Haven, Michigan) is a writer and artist. She is also a professor in the MFA Creative Writing Program at Columbia College Chicago. 

Niffenegger's debut novel, The Time Traveler's Wife (2003), was a national bestseller. The Time Traveler's Wife is an unconventional love story that centers on a man with a strange genetic disorder that causes him to unpredictably time-travel and his wife, an artist, who has to cope with his constant absence. 

Her Fearful Symmetry (2009), Niffenegger's second novel, is set in London's Highgate Cemetery where, during research for the book, Niffenegger acted as a tour guide.

Niffenegger has also published graphic and illustrated novels including: The Adventuress (2006),",https://images.gr-assets.com/authors/1367342548p5/498072.jpg,Literature & Fiction,http://www.audreyniffenegger.com/,,3.95,"1,873,531","69,419",42,[],September 2009,AANiffenegger
23,Madeleine L'Engle,"November 29, 1918","September 06, 2007","in New York City, New York, The United States","Madeleine L'Engle was an American writer best known for her young adult fiction, particularly the Newbery Medal-winning A Wrinkle in Time and its sequels A Wind in the Door, A Swiftly Tilting Planet, and Many Waters. Her works reflect her strong interest in modern science: tesseracts, for example, are featured prominently in A Wrinkle in Time, mitochondrial DNA in A Wind in the Door, organ regeneration in The Arm of the Starfish, and so forth.

""Madeleine was born on November 29th, 1918, and spent her formative years in New York City. Instead of her school work, she found that she would much rather be writing stories, poems and journals for herself, which was reflected in her grades (not the best). However, she was not discouraged.

At age 12,",https://images.gr-assets.com/authors/1305256804p5/106.jpg,"Literature & Fiction, Science Fiction & Fantasy, Biographies & Memoirs",http://www.madeleinelengle.com/,,4.0,"1,709,387","64,374",190,"['Time Quintet', 'Kairos', 'Austin Family Chronicles', ""O'Keefe Family"", 'Crosswicks Journals']",,
24,Veronica Roth,,,in The United States,"Veronica Roth is the New York Times best-selling author of Arch-Conspirator, Poster Girl, Chosen Ones, the short story collection The End and Other Beginnings, the Carve the Mark duology, and the Divergent series. She lives in Chicago, Illinois with her husband and dog. 

Sign up for Veronica's newsletter to hear news, writing thoughts, book recommendations, etc.!",https://images.gr-assets.com/authors/1588707274p5/4039811.jpg,"Science Fiction, Young Adult, Fantasy",http://veronicarothbooks.com,,4.02,"7,078,988","304,070",71,"['Divergent', 'Carve the Mark', 'The Chosen Ones', 'Divergent Japanese Split-Volume Edition']",April 2010,
25,Paulo Coelho,,,"in Rio de Janeiro, Brazil","The Brazilian author PAULO COELHO was born in 1947 in the city of Rio de Janeiro. Before dedicating his life completely to literature, he worked as theatre director and actor, lyricist and journalist. In 1986, PAULO COELHO did the pilgrimage to Saint James of Compostella, an experience later to be documented in his book The Pilgrimage. In the following year, COELHO published The Alchemist. Slow initial sales convinced his first publisher to drop the novel, but it went on to become one of the best selling Brazilian books of all time. Other titles include Brida (1990), The Valkyries (1992), By the river Piedra I sat Down and Wept (1994), the collection of his best columns published in the Brazilian newspaper Folha de São Paulo entitle Maktub",https://images.gr-assets.com/authors/1201840056p5/566.jpg,"Literature & Fiction, Nonfiction, Biographies & Memoirs",http://www.paulocoelhoblog.com,Khalil Gibran Henry Miller Jorge Luis Borges Jorge Amado,3.81,"4,157,272","185,660",341,['On the Seventh Day'],January 2008,
26,Rick Riordan,,,"in San Antonio, Texas, The United States","Rick Riordan is the #1 New York Times bestselling author of many books, including the Percy Jackson series.",https://images.gr-assets.com/authors/1679846356p5/15872.jpg,"Children's, Science Fiction & Fantasy",http://www.rickriordan.com/,,4.34,"12,215,193","505,991",203,"['Camp Half-Blood Chronicles', 'Percy Jackson and the Olympians', 'The Heroes of Olympus', 'The Kane Chronicles', 'The Trials of Apollo']",November 2013,rickriordan
27,George R.R. Martin,"September 20, 1948",,"in Bayonne, New Jersey, The United States","George Raymond Richard ""R.R."" Martin was born September 20, 1948, in Bayonne, New Jersey. His father was Raymond Collins Martin, a longshoreman, and his mother was Margaret Brady Martin. He has two sisters, Darleen Martin Lapinski and Janet Martin Patten. 

Martin attended Mary Jane Donohoe School and Marist High School. He began writing very young, selling monster stories to other neighborhood children for pennies, dramatic readings included. Later he became a comic book fan and collector in high school, and began to write fiction for comic fanzines (amateur fan magazines). Martin's first professional sale was made in 1970 at age 21: The Hero, sold to Galaxy, published in February, 1971 issue. Other sales followed. 

In 1970 Martin received a",https://images.gr-assets.com/authors/1649011787p5/346732.jpg,"Fantasy, Science Fiction, Horror",http://www.georgerrmartin.com/,"J.R.R. Tolkien, Walter Scott, Robert E. Howard, Robert A. Heinlein, Stan Lee, F. Scott Fitzgerald, Roger Zelazny, H. P. Lovecraft",4.37,"6,736,418","231,081","1,387","['The Tales of Dunk and Egg', 'A Targaryen History', 'Fire & Blood', 'Dreamsongs', 'Game of Thrones / Das Lied von Eis und Feuer (Audible)']",,GRRMspeaking
28,Arthur Golden,"December 06, 1956",,"in Chattanooga, Tennessee, The United States","Arthur Golden was born in Chattanooga, Tennessee, and was educated at Harvard College, where he received a degree in art history, specializing in Japanese art. In 1980 he earned an M.A. in Japanese history from Columbia University, where he also learned Mandarin Chinese. Following a summer in Beijing University, he worked in Tokyo, and, after returning to the United States, earned an M.A. in English from Boston University. He resides in Brookline, Massachusetts, with his wife and two children.",https://images.gr-assets.com/authors/1193518006p5/614.jpg,"Literature & Fiction, Historical Fiction",,,4.15,"1,970,462","35,232",12,[],,
29,Stephenie Meyer,"December 24, 1973",,"in Connecticut, The United States","Stephenie Meyer is the author of the bestselling Twilight series, The Host, and The Chemist. Twilight was one of 2005's most talked about novels and within weeks of its release the book debuted at #5 on The New York Times bestseller list. Among its many accolades, Twilight was named an ""ALA Top Ten Books for Young Adults,"" an Amazon.com ""Best Book of the Decade So Far,"" and a Publishers Weekly Best Book of the Year. 

Meyer graduated from Brigham Young University with a degree in English Literature. She lives in Arizona with her husband and three sons.",https://images.gr-assets.com/authors/1596739281p5/941441.jpg,"Science Fiction & Fantasy, Paranormal Romance, Young Adult",http://www.stepheniemeyer.com/,"Orson Scott Card, Jane Austen, William Shakespeare, Maeve Binchy, Charlotte Bronte, Daphne DuMaurier, L.M. Montgomery, Louisa May Alcott, Eva Ibbotson, William Goldman, Douglas Adams, Janet Evanovich",3.69,"13,707,260","407,121",107,"['The Twilight Saga', 'The Host', 'トワイライト（単行本）', 'トワイライト（文庫）']",,
30,Khaled Hosseini,"March 04, 1965",,"in Kabul, Afghanistan","Hosseini was born in Kabul, Afghanistan, in 1965. In 1970 Hosseini and his family moved to Iran where his father worked for the Embassy of Afghanistan in Tehran. In 1973 Hosseini's family returned to Kabul, and Hosseini's youngest brother was born in July of that year.
In 1976, when Hosseini was 11 years old, Hosseini's father obtained a job in Paris, France, and moved the family there. They were unable to return to Afghanistan because of the Saur Revolution in which the PDPA communist party seized power through a bloody coup in April 1978. Instead, a year after the Soviet invasion of Afghanistan, in 1980 they sought political asylum in the United States and made their residence in San Jose, California.
Hosseini graduated from Independence Hi",https://images.gr-assets.com/authors/1359753468p5/569.jpg,Literature & Fiction,http://www.khaledhosseini.com/,,4.34,"4,997,010","208,905",39,[],April 2012,
31,Markus Zusak,"June 23, 1975",,"in Sydney, Australia","Markus Zusak is the author of five books, including the international bestseller, 
The Book Thief
, which spent more than a decade on the New York Times bestseller list, and is translated into more than forty languages – establishing Zusak as one of the most successful authors to come out of Australia.

To date, Zusak has held the number one position at Amazon.com, Amazon.co.uk, the New York Times bestseller list, as well as in countries across South America, Europe and Asia. 

His books, 
The Underdog, Fighting Ruben Wolfe, When Dogs Cry
 (also titled 
Getting the Girl
), 
The Messenger
 (or 
I am the Messenger
) and 
The Book Thief
 have been awarded numerous honours ranging from literary prizes to readers choice awards to prizes",https://images.gr-assets.com/authors/1537240528p5/11466.jpg,"Literature & Fiction, Young Adult",http://www.zusakbooks.com,,4.36,"2,668,623","164,772",22,['Wolfe Brothers'],July 2011,Markus_Zusak
32,C.S. Lewis,"November 29, 1898","November 22, 1963","in Belfast, Ireland","Librarian Note: There is more than one author in the Goodreads database with this name.

Clive Staples Lewis was one of the intellectual giants of the twentieth century and arguably one of the most influential writers of his day. He was a Fellow and Tutor in English Literature at Oxford University until 1954. He was unanimously elected to the Chair of Medieval and Renaissance Literature at Cambridge University, a position he held until his retirement. He wrote more than thirty books, allowing him to reach a vast audience, and his works continue to attract thousands of new readers every year. His most distinguished and popular accomplishments include Mere Christianity, Out of the Silent Planet, The Great Divorce, The Screwtape Letters, and the",https://images.gr-assets.com/authors/1564671804p5/1069006.jpg,"Christian, Religion, Children's",http://www.cslewis.com/,"George MacDonald, G.K. Chesterton, J.R.R. Tolkien, Olaf Stapledon,  David Lindsay, James I, King of Scots",4.17,"7,450,762","198,265","1,225","['The Chronicles of Narnia (Chronological Order)', 'The Chronicles of Narnia (Publication Order)', 'The Space Trilogy', 'C.S. Lewis Colour Gift Books', 'The Collected Letters of C.S. Lewis']",,
33,Frances Hodgson Burnett,"November 24, 1849","October 29, 1924","in Cheetham Hill, Manchester, England, The United Kingdom","Frances Eliza Hodgson was the daughter of ironmonger Edwin Hodgson, who died three years after her birth, and his wife Eliza Boond. She was educated at The Select Seminary for Young Ladies and Gentleman until the age of fifteen, at which point the family ironmongery, then being run by her mother, failed, and the family emigrated to Knoxville, Tennessee. Here Hodgson began to write, in order to supplement the family income, assuming full responsibility for the family upon the death of her mother, in 1870. In 1872 she married Dr. Swan Burnett, with whom she had two sons, Lionel and Vivian. The marriage was dissolved in 1898. In 1900 Burnett married actor Stephen Townsend until 1902 when they got divorced. Following her great success as a nove",https://images.gr-assets.com/authors/1197934848p5/2041.jpg,"Children's Books, Literature & Fiction",,,4.16,"1,491,928","41,386","1,545","['Emily Fox-Seton', 'A Lady of Quality', 'The Head of the House of Coombe', 'The Good Wolf']",,
34,Antoine de Saint-Exupéry,"June 29, 1900","July 31, 1944","in Lyon, France","People best know French writer and aviator Antoine de Saint-Exupéry for his fairy tale 
The Little Prince
 (1943). 

He flew for the first time at the age of 12 years in 1912 at the Ambérieu airfield and then determined to a pilot. Even after moving to a school in Switzerland and spending summer vacations at the château of the family at Saint-Maurice-de-Rémens in eastern France, he kept that ambition. He writes repeatedly of the house at Saint-Maurice. 

Later, in Paris, he failed the entrance exams for the French naval academy and instead enrolled at the prestigious art school l'Ecole des Beaux-Arts. In 1921, Saint-Exupéry, stationed in Strasbourg, began serving in the military. He learned and forever settled his career path as a pilot. Afte",https://images.gr-assets.com/authors/1330853515p5/1020792.jpg,"Philosophy, Children's Books, Nonfiction",http://www.antoinedesaintexupery.com/,,4.31,"2,061,546","68,066",984,[],,
35,L.M. Montgomery,"November 30, 1874","April 24, 1942","in Clifton (New London), Prince Edward Island, Canada","Lucy Maud Montgomery was a Canadian author, best known for a series of novels beginning with Anne of Green Gables, published in 1908.

Montgomery was born at Clifton, Prince Edward Island, Nov. 30, 1874. She came to live at Leaskdale, north of Uxbridge Ontario, after her wedding with Rev. Ewen Macdonald on July 11, 1911. She had three children and wrote close to a dozen books while she was living in the Leaskdale Manse before the family moved to Norval, Ontario in 1926. She died in Toronto April 24, 1942 and was buried at Cavendish, Prince Edward Island.",https://images.gr-assets.com/authors/1188896723p5/5350.jpg,"Children's Books, Literature & Fiction, Classics",,Kate Douglas Wiggin,4.24,"2,068,005","93,002","1,896","['Anne of Green Gables', 'Emily', '艾蜜莉系列', 'Chronicles of Avonlea', 'The Story Girl']",,
36,J.R.R. Tolkien,"January 03, 1892","September 02, 1973","in Bloemfontein, Mangaung, Free State, South Africa","John Ronald Reuel Tolkien: writer, artist, scholar, linguist. Known to millions around the world as the author of The Lord of the Rings, Tolkien spent most of his life teaching at the University of Oxford where he was a distinguished academic in the fields of Old and Middle English and Old Norse. His creativity, confined to his spare time, found its outlet in fantasy works, stories for children, poetry, illustration and invented languages and alphabets.

Tolkien’s most popular works, The Hobbit and The Lord of the Rings are set in Middle-earth, an imagined world with strangely familiar settings inhabited by ancient and extraordinary peoples. Through this secondary world Tolkien writes perceptively of universal human concerns – love and loss,",https://images.gr-assets.com/authors/1648968349p5/656983.jpg,"Fantasy, Fiction, Children's",http://www.tolkienestate.com/,"Traditional Catholicism, Scholasticism, Thomas Aquinas, Norse Mythology, Anglo-Saxon poetry, Finnish Mythology, George MacDonald, William Morris, E.R. Eddison, Francis Thompson",4.36,"10,721,358","196,465",552,"['The Lord of the Rings', 'The Hobbit', 'Tales of Middle Earth', 'The History of the Hobbit', 'The History of Middle-Earth']",,
37,Emily Brontë,"July 30, 1818","December 19, 1848","in Thornton, Yorkshire, England","Emily Jane Brontë was an English novelist and poet, now best remembered for her only novel Wuthering Heights, a classic of English literature. Emily was the second eldest of the three surviving Brontë sisters, being younger than Charlotte Brontë and older than Anne Brontë. She published under the masculine pen name Ellis Bell.

Emily was born in Thornton, near Bradford in Yorkshire to Patrick Brontë and Maria Branwell. She was the younger sister of Charlotte Brontë and the fifth of six children. In 1824, the family moved to Haworth, where Emily's father was perpetual curate, and it was in these surroundings that their literary oddities flourished. In childhood, after the death of their mother, the three sisters and their brother Patrick Branw",https://images.gr-assets.com/authors/1529578586p5/4191.jpg,"Fiction, Poetry",,"Charlotte Brontë, Anne Brontë, Shakespeare, Mary Shelley, John Milton, Walter Scott, Lord Byron",3.89,"1,775,988","60,239",997,"['مرتفعات ويذرينج', 'Wuthering Heights (2 volumes)']",,
38,William Golding,"September 19, 1911","June 19, 1993","in St. Columb Minor, Cornwall","People note British writer Sir William Gerald Golding for his dark novels, especially 
The Lord of the Flies
 (1954); he won the Nobel Prize of 1983 for literature. 

People best know this British novelist, poet, and playwright for this novel. Golding spent two years, focusing on sciences, in Oxford but changed his educational emphasis to English, especially Anglo-Saxon, literature. 

During World War II, he served as part of the royal Navy, which he left five years later. This experience strongly influenced his future novels. Later, he taught and focused on writing. Classical Greek literature, such as that of Euripides, and 
The Battle of Maldon
, an Anglo-Saxon oeuvre of unknown author influenced him. 

College students in the 1950s and 196",https://images.gr-assets.com/authors/1636107810p5/306.jpg,Literature & Fiction,http://www.william-golding.co.uk/,"Euripides, R.M. Ballantyne",3.69,"2,839,836","55,446",139,"['To the Ends of the Earth', 'The Art of the Critic']",,
39,Bram Stoker,"November 08, 1847","April 20, 1912","in Fairview, Dublin, Ireland","Irish-born Abraham Stoker, known as Bram, of Britain wrote the gothic horror novel 
Dracula
 (1897). 

The feminist Charlotte Mathilda Blake Thornely Stoker at 15 Marino crescent, then as now called ""the crescent,"" in Fairview, a coastal suburb of Dublin, Ireland, bore this third of seven children. The parents, members of church of Ireland, attended the parish church of Saint John the Baptist, located on Seafield road west in Clontarf with their baptized children. 

Stoker, an invalid, started school at the age of seven years in 1854, when he made a complete and astounding recovery. Of this time, Stoker wrote, ""I was naturally thoughtful, and the leisure of long illness gave opportunity for many thoughts which were fruitful according to their",https://images.gr-assets.com/authors/1202438456p5/6988.jpg,Horror,http://www.bramstoker.org,"Emily Gerard, William Wilkinson",4.0,"1,285,986","49,170","2,221",['The Collected Supernatural and Weird Fiction of Bram Stoker'],,
40,Harper Lee,"April 28, 1926","February 19, 2016","in Monroeville, Alabama, The United States","Harper Lee, known as Nelle, was born in the Alabama town of Monroeville, the youngest of four children of Amasa Coleman Lee and Frances Cunningham Finch Lee. Her father, a former newspaper editor and proprietor, was a lawyer who served on the state legislature from 1926 to 1938. As a child, Lee was a tomboy and a precocious reader, and enjoyed the friendship of her schoolmate and neighbor, the young Truman Capote.

After graduating from high school in Monroeville, Lee enrolled at the all-female Huntingdon College in Montgomery (1944-45), and then pursued a law degree at the University of Alabama (1945-50), pledging the Chi Omega sorority. While there, she wrote for several student publications and spent a year as editor of the campus humor ma",https://images.gr-assets.com/authors/1593873322p5/1825.jpg,Literature & Fiction,http://www.harperlee.com,,4.22,"6,169,177","147,426",97,['To Kill a Mockingbird'],,
41,Louisa May Alcott,"November 29, 1832","March 06, 1888","in Germantown, Pennsylvania, The United States","People best know American writer Louisa May Alcott for 
Little Women
 (1868), her largely autobiographical novel. 

As  A.M. Barnard: 

Behind a Mask, or a Woman's Power
 (1866)

The Abbot's Ghost, or Maurice Treherne's Temptation
 (1867)

A Long Fatal Love Chase
 (1866 – first published 1995)
First published anonymously:

A Modern Mephistopheles
 (1877)

Philosopher-teacher Amos Bronson Alcott, educated his four daughters, Anna, Louisa, Elizabeth and May and Abigail May, wife of Amos, reared them on her practical Christianity. 

Louisa spent her childhood in Boston and Concord, Massachusetts, where visits to library of Ralph Waldo Emerson, excursions into nature with Henry David Thoreau, and theatricals in the barn at Hillside (now ""Wayside",https://images.gr-assets.com/authors/1200326665p5/1315.jpg,"Literature & Fiction, Historical Fiction, Mystery & Thrillers",http://www.louisamayalcott.org,"Amos Bronson Alcott, Ralph Waldo Emerson, Henry David Thoreau, Johann Wolfgang von Goethe, Charles Dickens",4.12,"2,512,053","71,973","3,960","['Little Women', 'Eight Cousins', ""Aunt Jo's Scrap Bag"", ""Lulu's Library""]",,
42,William Shakespeare,,"April 23, 1616","Stratford-upon-Avon, Warwickshire, England","William Shakespeare (baptised 26 April 1564) was an English poet and playwright, widely regarded as the greatest writer in the English language and the world's pre-eminent dramatist. He is often called England's national poet and the ""Bard of Avon"" (or simply ""The Bard""). His surviving works consist of 38 plays, 154 sonnets, two long narrative poems, and several other poems. His plays have been translated into every major living language, and are performed more often than those of any other playwright.

Shakespeare was born and raised in Stratford-upon-Avon. Scholars believe that he died on his fifty-second birthday, coinciding with St George’s Day.

At the age of 18 he married Anne Hathaway, who bore him three children: Susanna, and twins Hamn",https://images.gr-assets.com/authors/1654446514p5/947.jpg,"Theatre, Classics, Poetry",,"Ovid, Homer, Thomas Kyd, Christopher Marlowe, Lucius Annaeus Seneca",3.86,"7,645,851","175,031","30,729","['Wars of the Roses', 'The 30-Minute Shakespeare', ""Shakespeare's Minor Tetralogy"", 'Henry IV', 'Henry VI']",,
43,Jane Austen,"December 16, 1775","July 18, 1817","in Steventon Rectory, Hampshire, England, The United Kingdom","Jane Austen was an English novelist whose works of romantic fiction, set among the landed gentry, earned her a place as one of the most widely read writers in English literature, her realism and biting social commentary cementing her historical importance among scholars and critics. 
Austen lived her entire life as part of a close-knit family located on the lower fringes of the English landed gentry. She was educated primarily by her father and older brothers as well as through her own reading. The steadfast support of her family was critical to her development as a professional writer. Her artistic apprenticeship lasted from her teenage years until she was about 35 years old. During this period, she experimented with various literary forms,",https://images.gr-assets.com/authors/1651510251p5/1265.jpg,"Fiction, Romance, Humor and Comedy",http://www.janeausten.org/,"Frances Burney,  Mary Brunton, Samuel Johnson, Samuel Richardson, Maria Edgeworth",4.15,"7,911,200","265,983","3,634",['Juvenilia'],,
44,George Orwell,"June 25, 1903","January 21, 1950","in Motihari, Bihar, India","Eric Arthur Blair, better known by his pen name George Orwell, was an English author and journalist. His work is marked by keen intelligence and wit, a profound awareness of social injustice, an intense opposition to totalitarianism, a passion for clarity in language, and a belief in democratic socialism.

In addition to his literary career Orwell served as a police officer with the Indian Imperial Police in Burma from 1922-1927 and fought with the Republicans in the Spanish Civil War from 1936-1937. Orwell was severely wounded when he was shot through his throat. Later the organization that he had joined when he joined the Republican cause, The Workers Party of Marxist Unification (POUM), was painted by the pro-Soviet Communists as a Trotsky",https://images.gr-assets.com/authors/1588856560p5/3706.jpg,"Fiction, Politics, Journalism",http://www.george-orwell.org/,"Charles Dickens, Jonathan Swift, Charles Reade, Yevgeny Zamyatin, Gustave Flaubert, Wells, Upton Sinclair, Jack London, Tobias Smollett, Henry Fielding, Compton Mackenzie",4.1,"8,652,193","228,167","1,159","['The Collected Essays, Journalism & Letters']",,
45,John Steinbeck,"February 27, 1902","December 20, 1968","in Salinas Valley, California, The United States","John Ernst Steinbeck Jr. (1902-1968) was an American writer. He wrote the Pulitzer Prize-winning novel, The Grapes of Wrath, published in 1939, and the novella, Of Mice and Men, published in 1937. In all, he wrote twenty-five books, including sixteen novels, six non-fiction books and several collections of short stories. 

In 1962, Steinbeck received the Nobel Prize for Literature.

Steinbeck grew up in the Salinas Valley region of California, a culturally diverse place of rich migratory and immigrant history. This upbringing imparted a regionalistic flavor to his writing, giving many of his works a distinct sense of place. 

Steinbeck moved briefly to New York City, but soon returned home to California to begin his career as a writer. Most of hi",https://images.gr-assets.com/authors/1182118389p5/585.jpg,Literature & Fiction,http://www.steinbeck.org/,"Ed Ricketts, Will Lang, Socrates, Emiliano Zapata, Lincoln Steffens, Arthur Miller",3.95,"4,660,053","148,892",987,"['Cannery Row', 'Øst for Eden', 'Избрани творби']",,
46,Suzanne Collins,"August 11, 1962",,"in  Hartford, Connecticut, The United States","Librarian Note: There is more than one author in the Goodreads database with this name.

Since 1991, Suzanne Collins has been busy writing for children’s television. She has worked on the staffs of several Nickelodeon shows, including the Emmy-nominated hit Clarissa Explains it All and The Mystery Files of Shelby Woo. For preschool viewers, she penned multiple stories for the Emmy-nominated Little Bear and Oswald. She also co-wrote the critically acclaimed Rankin/Bass Christmas special, Santa, Baby! Most recently she was the Head Writer for Scholastic Entertainment’s Clifford’s Puppy Days.

While working on a Kids WB show called Generation O! she met children’s author James Proimos, who talked her into giving children’s books a try.

Thinking one",https://images.gr-assets.com/authors/1630199330p5/153394.jpg,"Fiction, Science Fiction & Fantasy, Young Adult",http://suzannecollinsbooks.com/,,4.26,"15,775,029","531,337",81,"['The Hunger Games', 'Underland Chronicles', 'The Hunger Games Japanese Split-Volume Edition']",,
47,Orson Scott Card,"August 24, 1951",,"in Richland, Washington, The United States","Orson Scott Card is the author of the novels Ender's Game, Ender's Shadow, and Speaker for the Dead, which are widely read by adults and younger readers, and are increasingly used in schools.

Besides these and other science fiction novels, Card writes contemporary fantasy (Magic Street, Enchantment, Lost Boys), biblical novels (Stone Tables, Rachel and Leah), the American frontier fantasy series The Tales of Alvin Maker (beginning with Seventh Son), poetry (An Open Book), and many plays and scripts.

Card was born in Washington and grew up in California, Arizona, and Utah. He served a mission for the LDS Church in Brazil in the early 1970s. Besides his writing, he teaches occasional classes and workshops and directs plays. He recently began a",https://images.gr-assets.com/authors/1294099952p5/589.jpg,"Science Fiction & Fantasy, Poetry, Nonfiction",http://www.hatrack.com/,,4.11,"3,051,808","120,712",863,"['The First Formic War', 'Homecoming Saga', 'Pathfinder', ""Ender's Saga short stories"", 'Empire']",,orsonscottcard
